{
    "classes": [
        "ARGM-ADJ",
        "ARGM-ADV",
        "ARGM-COM",
        "ARGM-MNR",
        "ARGM-PRR",
        "ARGM-PRP",
        "ARGM-REC",
        "O",
        "ARGM-CXN",
        "ARGM-DIR",
        "ARGM-DIS",
        "ARGM-CAU",
        "ARG3",
        "ARGA",
        "ARGM-LVB",
        "ARG5",
        "ARG2",
        "ARGM-MOD",
        "ARGM-LOC",
        "ARGM-NEG",
        "ARG1",
        "ARGM-EXT",
        "ARG0",
        "ARG4",
        "ARGM-PRD",
        "ARG1-DSP",
        "ARGM-GOL",
        "ARGM-TMP"
    ],
    "precision": [
        0.7397260273972602,
        0.6465324384787472,
        0.5,
        0.4966442953020134,
        0.7692307692307693,
        0.6052631578947368,
        0.0,
        0.9901029078859592,
        0.7777777777777778,
        0.46153846153846156,
        0.7593582887700535,
        0.4909090909090909,
        0.7272727272727273,
        0.0,
        0.575,
        0.0,
        0.8247422680412371,
        0.9227272727272727,
        0.5682819383259912,
        0.9348837209302325,
        0.841897233201581,
        0.7614678899082569,
        0.85385500575374,
        0.5932203389830508,
        0.5,
        0.0,
        0.75,
        0.7981651376146789
    ],
    "recall": [
        0.7465437788018433,
        0.604602510460251,
        0.38461538461538464,
        0.5211267605633803,
        0.7352941176470589,
        0.6133333333333333,
        0.0,
        0.9892482517482517,
        0.5833333333333334,
        0.5333333333333333,
        0.7932960893854749,
        0.6136363636363636,
        0.3333333333333333,
        0.0,
        0.6571428571428571,
        0.0,
        0.7252946509519492,
        0.9530516431924883,
        0.6548223350253807,
        0.9571428571428572,
        0.8782112274024738,
        0.7904761904761904,
        0.8891551827441582,
        0.625,
        0.36363636363636365,
        0.0,
        0.13636363636363635,
        0.838150289017341
    ],
    "f1": [
        0.7431192660550459,
        0.6248648648648648,
        0.43478260869565216,
        0.5085910652920962,
        0.7518796992481203,
        0.609271523178808,
        0.0,
        0.9896753953028241,
        0.6666666666666666,
        0.4948453608247423,
        0.7759562841530054,
        0.5454545454545454,
        0.45714285714285713,
        0.0,
        0.6133333333333333,
        0.0,
        0.7718282682103232,
        0.9376443418013857,
        0.6084905660377359,
        0.9458823529411765,
        0.8596709096553865,
        0.7757009345794392,
        0.8711476372174934,
        0.6086956521739131,
        0.42105263157894735,
        0.0,
        0.23076923076923078,
        0.8176691729323309
    ],
    "macro": {
        "precision_macro": 0.6031641695694157,
        "recall_macro": 0.5685765651173942,
        "f1_macro": 0.5737191131467829
    }
}