{
    "classes": [
        "ARGM-ADJ",
        "ARGM-ADV",
        "ARGM-COM",
        "ARGM-MNR",
        "ARGM-PRR",
        "ARGM-PRP",
        "ARGM-REC",
        "O",
        "ARGM-CXN",
        "ARGM-DIR",
        "ARGM-DIS",
        "ARGM-CAU",
        "ARG3",
        "ARGA",
        "ARGM-LVB",
        "ARG5",
        "ARG2",
        "ARGM-MOD",
        "ARGM-LOC",
        "ARGM-NEG",
        "ARG1",
        "ARGM-EXT",
        "ARG0",
        "ARG4",
        "ARGM-PRD",
        "ARG1-DSP",
        "ARGM-GOL",
        "ARGM-TMP"
    ],
    "precision": [
        0.7345132743362832,
        0.7535014005602241,
        0.3333333333333333,
        0.578125,
        0.6935483870967742,
        0.6164383561643836,
        0.0,
        0.991861915075146,
        1.0,
        0.41509433962264153,
        0.6878048780487804,
        0.5161290322580645,
        0.6666666666666666,
        0.0,
        0.6486486486486487,
        0.0,
        0.7873303167420814,
        0.9587155963302753,
        0.5357142857142857,
        0.9030837004405287,
        0.8632609360660752,
        0.7431192660550459,
        0.8563218390804598,
        0.6122448979591837,
        0.40625,
        0.0,
        1.0,
        0.7968476357267951
    ],
    "recall": [
        0.7649769585253456,
        0.5627615062761506,
        0.3076923076923077,
        0.5211267605633803,
        0.6323529411764706,
        0.6,
        0.0,
        0.9907998251748251,
        0.08333333333333333,
        0.4888888888888889,
        0.7877094972067039,
        0.7272727272727273,
        0.08333333333333333,
        0.0,
        0.6857142857142857,
        0.0,
        0.7887579329102448,
        0.9812206572769953,
        0.6091370558375635,
        0.9761904761904762,
        0.8950206152870283,
        0.7714285714285715,
        0.8927501497902935,
        0.5357142857142857,
        0.29545454545454547,
        0.0,
        0.09090909090909091,
        0.8766859344894027
    ],
    "f1": [
        0.7494356659142212,
        0.644311377245509,
        0.32,
        0.5481481481481482,
        0.6615384615384615,
        0.6081081081081081,
        0.0,
        0.9913305856500968,
        0.15384615384615385,
        0.4489795918367347,
        0.734375,
        0.6037735849056604,
        0.14814814814814814,
        0.0,
        0.6666666666666666,
        0.0,
        0.7880434782608695,
        0.9698375870069605,
        0.5700712589073634,
        0.9382151029748284,
        0.8788539395826845,
        0.7570093457943925,
        0.8741566441771781,
        0.5714285714285714,
        0.34210526315789475,
        0.0,
        0.16666666666666666,
        0.8348623853211009
    ],
    "macro": {
        "precision_macro": 0.6106626323544885,
        "recall_macro": 0.533901131444509,
        "f1_macro": 0.5346397048316578
    }
}